Workbook

Sheet 1차
A1: 보내는분 | B1: 보내는분 연락처 | C1: 주소 | D1: 번호 | E1: 수취인명 | F1: 상품명 | G1: 수량 | H1: 핸드폰 | I1: 기타연락처 | J1: 주소 | K1: 배송메세지 | L1: (공란) | M1: 상품고유코드 | N1: 배송방식 | O1: 운송장번호 | P1: 택배사
A2: 한아원 | B2: 010-7701-2732 | C2: 서초구 서초대로60길 18, 한아원 9층 | D2: 1 | G2: 1
M38: =IF(E38="","",VLOOKUP(F38,참조!A:B,2,0))
M39: =IF(E39="","",VLOOKUP(F39,참조!A:B,2,0))
M40: =IF(E40="","",VLOOKUP(F40,참조!A:B,2,0))
M41: =IF(E41="","",VLOOKUP(F41,참조!A:B,2,0))
M42: =IF(E42="","",VLOOKUP(F42,참조!A:B,2,0))
M43: =IF(E43="","",VLOOKUP(F43,참조!A:B,2,0))
M44: =IF(E44="","",VLOOKUP(F44,참조!A:B,2,0))
M45: =IF(E45="","",VLOOKUP(F45,참조!A:B,2,0))
M46: =IF(E46="","",VLOOKUP(F46,참조!A:B,2,0))
M47: =IF(E47="","",VLOOKUP(F47,참조!A:B,2,0))
M48: =IF(E48="","",VLOOKUP(F48,참조!A:B,2,0))
M49: =IF(E49="","",VLOOKUP(F49,참조!A:B,2,0))
... M451: =IF(E451="","",VLOOKUP(F451,참조!A:B,2,0))

Sheet 참조
A1: ODD. M-01 오드 영양제 | B1: P00300279
A2: 오드 M-01 스타터키트 5일분 | B2: P00300280
A3: 오드 M-01 리필팩 30일분 | B3: P00300281
A4: 스타터키트 5일분 3개
A5: 리필팩 1개 + 스타터키트 2개
A6: 리필팩 2개 + 스타터키트 3개
A7: 리필팩 3개 + 스타터키트 4개
